{
  "annotations": {
    "list": [
      {
        "builtIn": 1,
        "datasource": {
          "type": "grafana",
          "uid": "-- Grafana --"
        },
        "enable": true,
        "hide": true,
        "iconColor": "rgba(0, 211, 255, 1)",
        "name": "Annotations & Alerts",
        "type": "dashboard"
      }
    ]
  },
  "editable": true,
  "fiscalYearStartMonth": 0,
  "graphTooltip": 0,
  "id": 1,
  "links": [],
  "panels": [
    {
      "datasource": {
        "type": "prometheus",
        "uid": "prometheus"
      },
      "description": "",
      "fieldConfig": {
        "defaults": {
          "color": {
            "fixedColor": "green",
            "mode": "fixed"
          },
          "mappings": [],
          "thresholds": {
            "mode": "absolute",
            "steps": [
              {
                "color": "green"
              }
            ]
          },
          "unit": "short"
        },
        "overrides": []
      },
      "gridPos": {
        "h": 4,
        "w": 6,
        "x": 0,
        "y": 0
      },
      "id": 2,
      "options": {
        "colorMode": "value",
        "graphMode": "area",
        "justifyMode": "auto",
        "orientation": "auto",
        "percentChangeColorMode": "standard",
        "reduceOptions": {
          "calcs": [
            "lastNotNull"
          ],
          "fields": "",
          "values": false
        },
        "showPercentChange": false,
        "textMode": "auto",
        "wideLayout": true
      },
      "pluginVersion": "11.6.0-pre",
      "targets": [
        {
          "datasource": {
            "type": "prometheus",
            "uid": "prometheus"
          },
          "editorMode": "code",
          "expr": "sum(duration_milliseconds_count{span_kind=\"SPAN_KIND_SERVER\", service_name=\"$app\", http_route=~\"$route\"}) by(service_name)",
          "hide": false,
          "instant": true,
          "legendFormat": "{{label_name}}",
          "range": true,
          "refId": "A"
        },
        {
          "datasource": {
            "type": "prometheus",
            "uid": "prometheus"
          },
          "editorMode": "code",
          "expr": "sum(increase(duration_milliseconds_count{service_name=\"$app\",span_kind=\"SPAN_KIND_SERVER\",  http_route=~\"$route\"}[$__range]))",
          "hide": true,
          "instant": true,
          "legendFormat": "{{label_name}}",
          "range": true,
          "refId": "B"
        }
      ],
      "title": "Total Request",
      "transformations": [
        {
          "id": "seriesToRows",
          "options": {}
        },
        {
          "id": "sortBy",
          "options": {
            "fields": {},
            "sort": [
              {
                "field": "Time"
              }
            ]
          }
        }
      ],
      "type": "stat"
    },
    {
      "datasource": {
        "type": "prometheus",
        "uid": "prometheus"
      },
      "fieldConfig": {
        "defaults": {
          "color": {
            "mode": "thresholds"
          },
          "mappings": [],
          "thresholds": {
            "mode": "absolute",
            "steps": [
              {
                "color": "green"
              }
            ]
          },
          "unit": "short"
        },
        "overrides": []
      },
      "gridPos": {
        "h": 8,
        "w": 6,
        "x": 6,
        "y": 0
      },
      "id": 3,
      "options": {
        "colorMode": "value",
        "graphMode": "area",
        "justifyMode": "auto",
        "orientation": "auto",
        "percentChangeColorMode": "standard",
        "reduceOptions": {
          "calcs": [
            "lastNotNull"
          ],
          "fields": "",
          "values": false
        },
        "showPercentChange": false,
        "textMode": "auto",
        "wideLayout": true
      },
      "pluginVersion": "11.6.0-pre",
      "targets": [
        {
          "datasource": {
            "type": "prometheus",
            "uid": "prometheus"
          },
          "editorMode": "code",
          "exemplar": false,
          "expr": "sum(sum(duration_milliseconds_count{service_name=\"$app\", span_kind=\"SPAN_KIND_SERVER\", http_status_code=~\"^2.*\", http_route=~\"$route\"}) by(http_status_code))",
          "format": "time_series",
          "hide": false,
          "instant": true,
          "legendFormat": "Http Status 2XX",
          "range": true,
          "refId": "2XX"
        },
        {
          "datasource": {
            "type": "prometheus",
            "uid": "prometheus"
          },
          "editorMode": "code",
          "exemplar": false,
          "expr": "sum(sum(duration_milliseconds_count{service_name=\"$app\", span_kind=\"SPAN_KIND_SERVER\", http_status_code=~\"^3.*\", http_route=~\"$route\"}) by(http_status_code))",
          "format": "time_series",
          "hide": false,
          "instant": true,
          "legendFormat": "Http Status 3XX",
          "range": true,
          "refId": "3XX"
        },
        {
          "datasource": {
            "type": "prometheus",
            "uid": "prometheus"
          },
          "editorMode": "code",
          "exemplar": false,
          "expr": "sum(sum(duration_milliseconds_count{service_name=\"$app\", span_kind=\"SPAN_KIND_SERVER\", http_status_code=~\"^4.*\", http_route=~\"$route\"}) by(http_status_code))",
          "format": "time_series",
          "hide": false,
          "instant": true,
          "legendFormat": "Http Status 4XX",
          "range": true,
          "refId": "4XX"
        },
        {
          "datasource": {
            "type": "prometheus",
            "uid": "prometheus"
          },
          "editorMode": "code",
          "exemplar": false,
          "expr": "sum(sum(duration_milliseconds_count{service_name=\"$app\", span_kind=\"SPAN_KIND_SERVER\", http_status_code=~\"^5.*\", http_route=~\"$route\"}) by(http_status_code))",
          "format": "time_series",
          "hide": false,
          "instant": true,
          "legendFormat": "Http Status 5XX",
          "range": true,
          "refId": "5XX"
        },
        {
          "datasource": {
            "type": "prometheus",
            "uid": "prometheus"
          },
          "editorMode": "code",
          "exemplar": false,
          "expr": "sum (sum(duration_milliseconds_count{service_name=\"$app\", span_kind=\"SPAN_KIND_SERVER\", http_status_code!=\"^5.*\", http_route=~\"$route\"}) by(http_status_code))",
          "format": "time_series",
          "hide": true,
          "instant": true,
          "legendFormat": "{{http_status_code}}",
          "range": true,
          "refId": "OTHER"
        }
      ],
      "title": "Requests Count",
      "transformations": [
        {
          "id": "seriesToRows",
          "options": {}
        },
        {
          "id": "sortBy",
          "options": {
            "fields": {},
            "sort": [
              {
                "field": "Time"
              }
            ]
          }
        },
        {
          "id": "partitionByValues",
          "options": {
            "fields": [
              "Metric"
            ]
          }
        }
      ],
      "type": "stat"
    },
    {
      "datasource": {
        "type": "prometheus",
        "uid": "prometheus"
      },
      "description": "request amount distribution",
      "fieldConfig": {
        "defaults": {
          "color": {
            "mode": "palette-classic"
          },
          "custom": {
            "hideFrom": {
              "legend": false,
              "tooltip": false,
              "viz": false
            }
          },
          "mappings": [],
          "unit": "short"
        },
        "overrides": []
      },
      "gridPos": {
        "h": 8,
        "w": 6,
        "x": 12,
        "y": 0
      },
      "id": 4,
      "options": {
        "displayLabels": [
          "percent"
        ],
        "legend": {
          "displayMode": "list",
          "placement": "right",
          "showLegend": true,
          "values": [
            "percent"
          ]
        },
        "pieType": "donut",
        "reduceOptions": {
          "calcs": [
            "lastNotNull"
          ],
          "fields": "",
          "values": false
        },
        "tooltip": {
          "hideZeros": false,
          "mode": "single",
          "sort": "none"
        }
      },
      "pluginVersion": "11.6.0-pre",
      "targets": [
        {
          "datasource": {
            "type": "prometheus",
            "uid": "prometheus"
          },
          "editorMode": "code",
          "expr": "sum(duration_milliseconds_count{span_kind=\"SPAN_KIND_SERVER\", service_name=\"$app\", http_route=~\"$route\"}) by(span_name)",
          "instant": false,
          "legendFormat": "{{label_name}}",
          "range": true,
          "refId": "A"
        }
      ],
      "title": "Request Distribution",
      "type": "piechart"
    },
    {
      "datasource": {
        "type": "prometheus",
        "uid": "prometheus"
      },
      "description": "cumulative latency distribution",
      "fieldConfig": {
        "defaults": {
          "color": {
            "mode": "palette-classic"
          },
          "custom": {
            "hideFrom": {
              "legend": false,
              "tooltip": false,
              "viz": false
            }
          },
          "mappings": [],
          "unit": "ms"
        },
        "overrides": []
      },
      "gridPos": {
        "h": 8,
        "w": 6,
        "x": 18,
        "y": 0
      },
      "id": 7,
      "options": {
        "displayLabels": [
          "percent"
        ],
        "legend": {
          "displayMode": "list",
          "placement": "right",
          "showLegend": true,
          "values": [
            "percent"
          ]
        },
        "pieType": "donut",
        "reduceOptions": {
          "calcs": [
            "lastNotNull"
          ],
          "fields": "",
          "values": false
        },
        "tooltip": {
          "hideZeros": false,
          "mode": "single",
          "sort": "none"
        }
      },
      "pluginVersion": "11.6.0-pre",
      "targets": [
        {
          "datasource": {
            "type": "prometheus",
            "uid": "prometheus"
          },
          "editorMode": "code",
          "exemplar": false,
          "expr": "sum(duration_milliseconds_sum{span_kind=\"SPAN_KIND_SERVER\", service_name=\"$app\", http_route=~\"$route\"}) by(span_name)",
          "instant": true,
          "legendFormat": "{{label_name}}",
          "range": false,
          "refId": "A"
        }
      ],
      "title": "Loading Distribution",
      "type": "piechart"
    },
    {
      "datasource": {
        "type": "prometheus",
        "uid": "prometheus"
      },
      "description": "overall request rate per minute over last 3 minutes",
      "fieldConfig": {
        "defaults": {
          "color": {
            "mode": "thresholds"
          },
          "mappings": [],
          "thresholds": {
            "mode": "percentage",
            "steps": [
              {
                "color": "green"
              }
            ]
          },
          "unit": "reqpm"
        },
        "overrides": []
      },
      "gridPos": {
        "h": 4,
        "w": 3,
        "x": 0,
        "y": 4
      },
      "id": 8,
      "options": {
        "minVizHeight": 75,
        "minVizWidth": 75,
        "orientation": "auto",
        "reduceOptions": {
          "calcs": [
            "lastNotNull"
          ],
          "fields": "",
          "values": false
        },
        "showThresholdLabels": false,
        "showThresholdMarkers": true,
        "sizing": "auto"
      },
      "pluginVersion": "11.6.0-pre",
      "targets": [
        {
          "datasource": {
            "type": "prometheus",
            "uid": "prometheus"
          },
          "editorMode": "code",
          "expr": "sum(rate(duration_milliseconds_count{span_kind=\"SPAN_KIND_SERVER\", service_name=\"$app\", exported_job=\"$app\", http_route=~\"$route\"}[$__range])*60)",
          "hide": false,
          "instant": false,
          "range": true,
          "refId": "B"
        }
      ],
      "title": "Overall Request Rate",
      "type": "gauge"
    },
    {
      "datasource": {
        "type": "prometheus",
        "uid": "prometheus"
      },
      "description": "percentage of HTTP status 5xx in all requests",
      "fieldConfig": {
        "defaults": {
          "color": {
            "mode": "thresholds"
          },
          "mappings": [],
          "thresholds": {
            "mode": "percentage",
            "steps": [
              {
                "color": "green"
              },
              {
                "color": "red",
                "value": 10
              }
            ]
          },
          "unit": "percentunit"
        },
        "overrides": []
      },
      "gridPos": {
        "h": 4,
        "w": 3,
        "x": 3,
        "y": 4
      },
      "id": 9,
      "options": {
        "minVizHeight": 75,
        "minVizWidth": 75,
        "orientation": "auto",
        "reduceOptions": {
          "calcs": [
            "lastNotNull"
          ],
          "fields": "",
          "values": false
        },
        "showThresholdLabels": false,
        "showThresholdMarkers": true,
        "sizing": "auto"
      },
      "pluginVersion": "11.6.0-pre",
      "targets": [
        {
          "datasource": {
            "type": "prometheus",
            "uid": "prometheus"
          },
          "editorMode": "code",
          "expr": "sum(rate(duration_milliseconds_count{http_status_code=~\"4.*|5.*\", http_route=~\"$route\", exported_job=\"$app\"}[$__range])) / sum(rate(duration_milliseconds_count{http_route=~\"$route\", exported_job=\"$app\"}[$__range]))",
          "instant": false,
          "range": true,
          "refId": "A"
        }
      ],
      "title": "Overall Error Rate",
      "type": "gauge"
    },
    {
      "datasource": {
        "type": "prometheus",
        "uid": "prometheus"
      },
      "description": "request rate per minute over last 3 minutes",
      "fieldConfig": {
        "defaults": {
          "color": {
            "mode": "palette-classic"
          },
          "custom": {
            "axisBorderShow": false,
            "axisCenteredZero": false,
            "axisColorMode": "text",
            "axisLabel": "",
            "axisPlacement": "auto",
            "barAlignment": 0,
            "barWidthFactor": 0.6,
            "drawStyle": "line",
            "fillOpacity": 0,
            "gradientMode": "none",
            "hideFrom": {
              "legend": false,
              "tooltip": false,
              "viz": false
            },
            "insertNulls": false,
            "lineInterpolation": "linear",
            "lineWidth": 1,
            "pointSize": 5,
            "scaleDistribution": {
              "type": "linear"
            },
            "showPoints": "auto",
            "spanNulls": false,
            "stacking": {
              "group": "A",
              "mode": "none"
            },
            "thresholdsStyle": {
              "mode": "off"
            }
          },
          "mappings": [],
          "thresholds": {
            "mode": "absolute",
            "steps": [
              {
                "color": "green"
              },
              {
                "color": "red",
                "value": 80
              }
            ]
          },
          "unit": "reqpm"
        },
        "overrides": []
      },
      "gridPos": {
        "h": 8,
        "w": 8,
        "x": 0,
        "y": 8
      },
      "id": 1,
      "options": {
        "legend": {
          "calcs": [],
          "displayMode": "list",
          "placement": "bottom",
          "showLegend": true
        },
        "tooltip": {
          "hideZeros": false,
          "mode": "single",
          "sort": "none"
        }
      },
      "pluginVersion": "11.6.0-pre",
      "targets": [
        {
          "datasource": {
            "type": "prometheus",
            "uid": "prometheus"
          },
          "editorMode": "code",
          "expr": "sum(rate(duration_milliseconds_count{service_name=\"$app\", span_kind=\"SPAN_KIND_SERVER\", http_route=~\"$route\"}[3m])*60)  by(span_name)",
          "hide": false,
          "instant": false,
          "legendFormat": "{{label_name}}",
          "range": true,
          "refId": "B"
        }
      ],
      "title": "Request Rate",
      "type": "timeseries"
    },
    {
      "datasource": {
        "type": "prometheus",
        "uid": "prometheus"
      },
      "description": "PR95 latency over last 3 minutes",
      "fieldConfig": {
        "defaults": {
          "color": {
            "mode": "palette-classic"
          },
          "custom": {
            "axisBorderShow": false,
            "axisCenteredZero": false,
            "axisColorMode": "text",
            "axisLabel": "",
            "axisPlacement": "auto",
            "barAlignment": 0,
            "barWidthFactor": 0.6,
            "drawStyle": "line",
            "fillOpacity": 0,
            "gradientMode": "none",
            "hideFrom": {
              "legend": false,
              "tooltip": false,
              "viz": false
            },
            "insertNulls": false,
            "lineInterpolation": "linear",
            "lineWidth": 1,
            "pointSize": 5,
            "scaleDistribution": {
              "type": "linear"
            },
            "showPoints": "auto",
            "spanNulls": false,
            "stacking": {
              "group": "A",
              "mode": "none"
            },
            "thresholdsStyle": {
              "mode": "off"
            }
          },
          "mappings": [],
          "thresholds": {
            "mode": "absolute",
            "steps": [
              {
                "color": "green"
              },
              {
                "color": "red",
                "value": 80
              }
            ]
          },
          "unit": "ms"
        },
        "overrides": []
      },
      "gridPos": {
        "h": 8,
        "w": 8,
        "x": 8,
        "y": 8
      },
      "id": 5,
      "options": {
        "legend": {
          "calcs": [],
          "displayMode": "list",
          "placement": "bottom",
          "showLegend": true
        },
        "tooltip": {
          "hideZeros": false,
          "mode": "single",
          "sort": "none"
        }
      },
      "pluginVersion": "11.6.0-pre",
      "targets": [
        {
          "datasource": {
            "type": "prometheus",
            "uid": "prometheus"
          },
          "editorMode": "code",
          "expr": "histogram_quantile(0.95, sum(rate(duration_milliseconds_bucket{span_kind=\"SPAN_KIND_SERVER\", service_name=\"$app\", http_route=~\"$route\"}[3m])) by (le, span_name))",
          "instant": false,
          "legendFormat": "{{label_name}}",
          "range": true,
          "refId": "A"
        }
      ],
      "title": "PR95 Latency",
      "type": "timeseries"
    },
    {
      "datasource": {
        "type": "prometheus",
        "uid": "prometheus"
      },
      "description": "by route and http status code",
      "fieldConfig": {
        "defaults": {
          "color": {
            "mode": "continuous-GrYlRd"
          },
          "mappings": [],
          "thresholds": {
            "mode": "absolute",
            "steps": [
              {
                "color": "green"
              },
              {
                "color": "red",
                "value": 80
              }
            ]
          },
          "unit": "ms"
        },
        "overrides": []
      },
      "gridPos": {
        "h": 8,
        "w": 8,
        "x": 16,
        "y": 8
      },
      "id": 6,
      "options": {
        "displayMode": "lcd",
        "legend": {
          "calcs": [],
          "displayMode": "list",
          "placement": "bottom",
          "showLegend": false
        },
        "maxVizHeight": 300,
        "minVizHeight": 10,
        "minVizWidth": 0,
        "namePlacement": "auto",
        "orientation": "horizontal",
        "reduceOptions": {
          "calcs": [
            "lastNotNull"
          ],
          "fields": "",
          "values": false
        },
        "showUnfilled": true,
        "sizing": "auto",
        "valueMode": "color"
      },
      "pluginVersion": "11.6.0-pre",
      "targets": [
        {
          "datasource": {
            "type": "prometheus",
            "uid": "prometheus"
          },
          "editorMode": "code",
          "exemplar": false,
          "expr": "sort_desc(duration_milliseconds_sum{span_kind=\"SPAN_KIND_SERVER\", service_name=\"$app\", http_status_code!=\"\", http_route=~\"$route\"} / duration_milliseconds_count{span_kind=\"SPAN_KIND_SERVER\", service_name=\"$app\", http_status_code!=\"\", http_route=~\"$route\"})",
          "instant": true,
          "legendFormat": "[{{http_status_code}}] {{span_name}}",
          "range": false,
          "refId": "A"
        }
      ],
      "title": "Average Latency",
      "type": "bargauge"
    },
    {
      "datasource": {
        "type": "prometheus",
        "uid": "prometheus"
      },
      "description": "Details of each API",
      "fieldConfig": {
        "defaults": {
          "color": {
            "mode": "thresholds"
          },
          "custom": {
            "align": "auto",
            "cellOptions": {
              "type": "auto"
            },
            "inspect": false
          },
          "mappings": [],
          "thresholds": {
            "mode": "absolute",
            "steps": [
              {
                "color": "green"
              },
              {
                "color": "red",
                "value": 80
              }
            ]
          }
        },
        "overrides": [
          {
            "matcher": {
              "id": "byName",
              "options": "Request Rate Trend"
            },
            "properties": [
              {
                "id": "custom.cellOptions",
                "value": {
                  "hideValue": true,
                  "type": "sparkline"
                }
              },
              {
                "id": "color",
                "value": {
                  "mode": "palette-classic"
                }
              }
            ]
          },
          {
            "matcher": {
              "id": "byName",
              "options": "Request Rate"
            },
            "properties": [
              {
                "id": "unit",
                "value": "reqpm"
              }
            ]
          },
          {
            "matcher": {
              "id": "byName",
              "options": "PR95 Latency"
            },
            "properties": [
              {
                "id": "unit",
                "value": "ms"
              }
            ]
          },
          {
            "matcher": {
              "id": "byName",
              "options": "Error Rate Trend"
            },
            "properties": [
              {
                "id": "custom.cellOptions",
                "value": {
                  "hideValue": true,
                  "spanNulls": false,
                  "type": "sparkline"
                }
              },
              {
                "id": "color",
                "value": {
                  "mode": "palette-classic"
                }
              }
            ]
          },
          {
            "matcher": {
              "id": "byName",
              "options": "Error Rate"
            },
            "properties": [
              {
                "id": "unit",
                "value": "percentunit"
              },
              {
                "id": "noValue",
                "value": "0%"
              }
            ]
          },
          {
            "matcher": {
              "id": "byName",
              "options": "PR95 Latency Trend"
            },
            "properties": [
              {
                "id": "custom.cellOptions",
                "value": {
                  "hideValue": true,
                  "type": "sparkline"
                }
              },
              {
                "id": "color",
                "value": {
                  "mode": "palette-classic"
                }
              }
            ]
          }
        ]
      },
      "gridPos": {
        "h": 10,
        "w": 24,
        "x": 0,
        "y": 16
      },
      "id": 10,
      "options": {
        "cellHeight": "sm",
        "footer": {
          "countRows": false,
          "enablePagination": true,
          "fields": "",
          "reducer": [
            "sum"
          ],
          "show": false
        },
        "showHeader": true,
        "sortBy": []
      },
      "pluginVersion": "11.6.0-pre",
      "targets": [
        {
          "datasource": {
            "type": "prometheus",
            "uid": "prometheus"
          },
          "editorMode": "code",
          "exemplar": false,
          "expr": "sum(rate(duration_milliseconds_count{service_name=\"$app\", http_route=~\"$route\", span_kind=\"SPAN_KIND_SERVER\"}[3m])*60) by(service_name, http_method, http_route)",
          "format": "time_series",
          "hide": false,
          "instant": false,
          "range": true,
          "refId": "Request Rate Trend"
        },
        {
          "datasource": {
            "type": "prometheus",
            "uid": "prometheus"
          },
          "editorMode": "code",
          "exemplar": false,
          "expr": "sum(rate(duration_milliseconds_count{service_name=\"$app\", http_route=~\"$route\", span_kind=\"SPAN_KIND_SERVER\"}[3m])*60) by(service_name, http_method, http_route)",
          "format": "table",
          "hide": false,
          "instant": true,
          "range": false,
          "refId": "Request Rate"
        },
        {
          "datasource": {
            "type": "prometheus",
            "uid": "prometheus"
          },
          "editorMode": "code",
          "expr": "histogram_quantile(0.95, sum(rate(duration_milliseconds_bucket{service_name=\"$app\", http_route=~\"$route\", span_kind=\"SPAN_KIND_SERVER\"}[3m])) by (le, service_name, http_method, http_route))",
          "hide": false,
          "instant": false,
          "range": true,
          "refId": "PR95 Trend"
        },
        {
          "datasource": {
            "type": "prometheus",
            "uid": "prometheus"
          },
          "editorMode": "code",
          "exemplar": false,
          "expr": "histogram_quantile(0.95, sum(rate(duration_milliseconds_bucket{service_name=\"$app\", http_route=~\"$route\", span_kind=\"SPAN_KIND_SERVER\"}[3m])) by (le, service_name, http_method, http_route))",
          "format": "table",
          "hide": false,
          "instant": true,
          "range": false,
          "refId": "PR95"
        },
        {
          "datasource": {
            "type": "prometheus",
            "uid": "prometheus"
          },
          "editorMode": "code",
          "exemplar": false,
          "expr": "sum(duration_milliseconds_count{service_name=\"$app\", http_route=~\"$route\", span_kind=\"SPAN_KIND_SERVER\", http_status_code!~\"2.*|3.*\"}) by(service_name, http_method, http_route) / sum(duration_milliseconds_count{service_name=\"$app\", http_route=~\"$route\", span_kind=\"SPAN_KIND_SERVER\"}) by(service_name, http_method, http_route)",
          "format": "time_series",
          "hide": false,
          "instant": false,
          "range": true,
          "refId": "Error Rate Trend"
        },
        {
          "datasource": {
            "type": "prometheus",
            "uid": "prometheus"
          },
          "editorMode": "code",
          "exemplar": false,
          "expr": "sum(duration_milliseconds_count{service_name=\"$app\", http_route=~\"$route\", span_kind=\"SPAN_KIND_SERVER\", http_status_code!~\"2.*|3.*\"}) by(service_name, http_method, http_route) / sum(duration_milliseconds_count{service_name=\"$app\", http_route=~\"$route\", span_kind=\"SPAN_KIND_SERVER\"}) by(service_name, http_method, http_route)",
          "format": "table",
          "hide": false,
          "instant": true,
          "range": false,
          "refId": "Error Rate"
        }
      ],
      "title": "Details",
      "transformations": [
        {
          "id": "timeSeriesTable",
          "options": {}
        },
        {
          "id": "merge",
          "options": {}
        },
        {
          "id": "organize",
          "options": {
            "excludeByName": {
              "Time": true
            },
            "indexByName": {
              "Time": 0,
              "Trend #PR95 Trend": 7,
              "Trend #Request Rate Trend": 5,
              "Value #PR95": 8,
              "Value #Request Rate": 6,
              "http_method": 3,
              "http_route": 2,
              "http_status_code": 4,
              "service_name": 1
            },
            "renameByName": {
              "Trend": "Request Rate Trend",
              "Trend #Error Rate Trend": "Error Rate Trend",
              "Trend #PR95 Trend": "PR95 Latency Trend",
              "Trend #Request Rate": "Request Rate",
              "Trend #Request Rate Trend": "Request Rate Trend",
              "Value": "Request Rate",
              "Value #A": "Error Rate",
              "Value #Error Rate": "Error Rate",
              "Value #PR95": "PR95 Latency",
              "Value #Request Rate": "Request Rate",
              "http_method": "Method",
              "http_route": "Route",
              "http_status_code": "Status Code",
              "service_name": "Application"
            }
          }
        }
      ],
      "type": "table"
    }
  ],
  "preload": false,
  "refresh": "30s",
  "schemaVersion": 41,
  "tags": [],
  "templating": {
    "list": [
      {
        "current": {
          "text": "spring-boot",
          "value": "spring-boot"
        },
        "datasource": {
          "type": "prometheus",
          "uid": "prometheus"
        },
        "definition": "label_values(service_name)",
        "includeAll": false,
        "label": "Application",
        "name": "app",
        "options": [],
        "query": {
          "query": "label_values(service_name)",
          "refId": "PrometheusVariableQueryEditor-VariableQuery"
        },
        "refresh": 1,
        "regex": "",
        "type": "query"
      },
      {
        "current": {
          "text": "All",
          "value": [
            "$__all"
          ]
        },
        "datasource": {
          "type": "prometheus",
          "uid": "prometheus"
        },
        "definition": "label_values(http_route)",
        "includeAll": true,
        "label": "Route",
        "multi": true,
        "name": "route",
        "options": [],
        "query": {
          "query": "label_values(http_route)",
          "refId": "PrometheusVariableQueryEditor-VariableQuery"
        },
        "refresh": 1,
        "regex": "",
        "type": "query"
      }
    ]
  },
  "time": {
    "from": "now-15m",
    "to": "now"
  },
  "timepicker": {},
  "timezone": "",
  "title": "OpenTelemetry APM",
  "uid": "opentelemetry-apm",
  "version": 2,
  "weekStart": ""
}